ward_code,Ward,Borough,Childhood_Obesity_Year6,Children_in_poverty,Crime_rate,Unauthorised_Absence_in_All_Schools,Median_Household_income,Qualifications_Level4_and_above,Households_with_access_to_openspace,People_with_Bad_or_Very_Bad_Health,Average_GCSE,Unemployed
E09000001,City of London,City of London,,14.83,16.32,0.59,63620,68.4,97.61223906,3.4,54.093266,4.525341915
E05000026,Abbey,Barking and Dagenham,23.21,33.5,153.54,1.49,33920,34.5,70.7,4.3,32.3920511,14.48823804
E05000027,Alibon,Barking and Dagenham,25.56,35.5,115.38,1.38,32470,16.7,8.01,6.7,33.2669571,12.17173822
E05000028,Becontree,Barking and Dagenham,28.35,33.77,125.42,1.49,33000,20.6,39.17,7,33.8170161,13.81154343
E05000029,Chadwell Heath,Barking and Dagenham,28.78,34.5,119.87,1.68,33920,19.5,63.11,6.8,31.2499598,12.11849192
E05000030,Eastbrook,Barking and Dagenham,24.1,27.17,75.42,0.96,37400,18.5,56.68,5.9,39.5076716,10.9633289
E05000031,Eastbury,Barking and Dagenham,24.26,33.1,112.66,1.46,32870,20,77.43,6.4,39.7377121,12.66540643
E05000032,Gascoigne,Barking and Dagenham,26.13,38.47,135.41,1.44,29480,25.2,87.33,5.9,30.3606449,17.24845996
E05000033,Goresbrook,Barking and Dagenham,25.82,33.27,111.98,1.31,33250,18.8,59.03,6.3,32.1476463,12.27333461
E05000034,Heath,Barking and Dagenham,25.41,39.6,94.83,1.16,31340,17.6,59.26,6.7,20.150057,14.33915212
E05000035,Longbridge,Barking and Dagenham,22.55,18.67,98.27,0.9,40570,25,62.74,4.6,54.2633471,9.158912607
E05000036,Mayesbrook,Barking and Dagenham,24.88,35.43,108.98,1.29,31530,16.2,41.93,7,32.6651958,12.67544807
E05000037,Parsloes,Barking and Dagenham,23.28,34.63,96.25,1.35,31860,16,55.53,7.1,35.8862892,12.74710293
E05000038,River,Barking and Dagenham,31.18,32.77,74.79,1.33,33490,19.5,28.9,5.5,30.1474786,12.25087925
E05000039,Thames,Barking and Dagenham,24.89,35.5,90.82,1.23,32580,24.4,92.47,5.6,29.4907353,15.23789992
E05000040,Valence,Barking and Dagenham,21.47,32.8,93.09,1.45,33200,17.8,86.38,7.6,38.7502411,12.74856385
E05000041,Village,Barking and Dagenham,27.82,36.57,123.28,1.51,31960,17.9,25.38,6.1,19.9426275,14.58498024
E05000042,Whalebone,Barking and Dagenham,24.58,27.1,99.09,1.15,37180,22.4,29.66,4.9,41.7130117,10.37304911
E05000043,Brunswick Park,Barnet,15.27,16.77,63.74,0.59,39800,34.4,26.69,4.7,69.1450888,7.345497351
E05000044,Burnt Oak,Barnet,24.44,32.37,78.41,1.09,29400,24.7,25.78,6.1,35.8867478,11.17667083
E05000045,Childs Hill,Barnet,20.11,23.7,119.07,1.01,38960,43.7,0.86,5.1,61.060876,8.843984962
E05000046,Colindale,Barnet,25.1,34.4,63.17,1.32,30170,30.8,32.9,4.7,37.2194761,11.7875191
E05000047,Coppetts,Barnet,19.09,23.17,108.54,0.92,38090,40.6,25.98,5,63.9189416,7.924606894
E05000048,East Barnet,Barnet,21.03,19.2,75.64,0.52,39870,36.5,46.1,4.5,47.7483845,7.312463083
E05000049,East Finchley,Barnet,16.27,20.43,77.99,1.06,41160,49.6,60.79,4.7,52.8396083,6.331512652
E05000050,Edgware,Barnet,20.08,20.43,96.96,0.89,38410,36,32.12,4.3,56.1006624,7.648415685
E05000051,Finchley Church End,Barnet,13.21,10.97,62.15,0.88,45030,48.6,49.36,3.6,64.3736218,5.86893903
E05000052,Garden Suburb,Barnet,13.4,7.8,84.65,0.69,53090,57.3,23.2,2.7,91.2051856,4.507897934
E05000053,Golders Green,Barnet,16.53,16.3,82.81,1.07,40800,37.4,22.79,4.4,62.2444156,7.796728159
E05000054,Hale,Barnet,22.07,19.1,70.99,0.88,38590,36.5,16.93,4.6,48.2441624,7.35042735
E05000055,Hendon,Barnet,18.52,13.63,75.2,1.02,38530,41.3,44.51,4.1,66.2560069,8.08862504
E05000056,High Barnet,Barnet,14.49,10.67,79.04,0.41,43940,44.3,38.93,4.2,79.4704755,5.536543632
E05000057,Mill Hill,Barnet,19.11,19,78.2,0.85,41920,41.6,56.84,4,60.8933876,6.694515853
E05000058,Oakleigh,Barnet,14.81,17.73,70.75,0.71,41670,40.7,30.32,4.6,71.7303399,5.71873876
E05000059,Totteridge,Barnet,16.26,12.47,56.37,0.58,46150,47,38.89,4,70.4382596,5.230728894
E05000060,Underhill,Barnet,17.79,26.13,69.84,0.98,37040,31.8,39.61,5.5,42.6343845,8.810404182
E05000061,West Finchley,Barnet,16.2,13.57,72.12,0.85,42050,49.5,27.98,4.2,73.8290489,6.267290913
E05000062,West Hendon,Barnet,18.05,19.23,104.12,1.09,35090,34.4,44.96,5,54.3474891,9.001762891
E05000063,Woodhouse,Barnet,19.87,18.8,100.84,0.9,38220,41.3,20.23,5.3,65.7456611,7.355864811
E05000064,Barnehurst,Bexley,23.33,16.67,53.68,0.88,38200,20.1,32.93,4.5,55.4505781,5.966014038
E05000065,Belvedere,Bexley,26.92,27.4,79.05,1.27,33510,21.9,61.23,5.2,24.9596278,9.056727154
E05000066,Blackfen and Lamorbey,Bexley,19.46,9.63,43.3,0.67,40780,19.3,70.99,4.2,55.9512169,4.826599928
E05000067,Blendon and Penhill,Bexley,17.62,8.33,54.66,0.67,40340,19.6,41.17,4.1,58.3734034,4.785850529
E05000068,Brampton,Bexley,20.06,9.47,45.44,0.62,40790,20.7,10.78,4.4,59.3939577,4.443205057
E05000069,Christchurch,Bexley,15.15,14.73,85.21,0.96,40190,24.9,24.45,4.2,69.2145078,5.463547891
E05000070,Colyers,Bexley,26.32,25.83,72.76,1.16,34450,18.1,56.04,6,40.8488654,9.424834259
E05000071,Crayford,Bexley,20.06,23.97,53.31,1.12,34900,18.6,86.35,5.4,31.5253655,7.518147252
E05000072,Cray Meadows,Bexley,25.57,24.7,48.63,1.12,35530,22.2,56.47,6,42.1566353,7.078836656
E05000073,Danson Park,Bexley,21.65,16.67,65.98,1,38580,21.6,0,4.6,57.2163326,6.064313177
E05000074,East Wickham,Bexley,23.35,19.83,65.9,1.22,36260,18.8,43.98,5.4,46.4937966,7.194115536
E05000075,Erith,Bexley,27.25,27.83,77.5,1.35,33160,22.6,78.32,5.3,37.0254376,10.37309687
E05000076,Falconwood and Welling,Bexley,22.74,11.1,63.69,0.81,39000,19.6,6.16,3.6,56.2500381,6.139154161
E05000077,Lesnes Abbey,Bexley,22.78,22.03,86.56,1.04,35630,22.5,44.87,5.5,47.296627,8.577517315
E05000078,Longlands,Bexley,18.04,11.77,47.37,0.7,40880,27.1,54.87,5,61.2557479,5.80897412
E05000079,North End,Bexley,24.79,34.93,100.27,1.55,29930,19.5,47.43,5.7,21.2717021,13.0733519
E05000080,Northumberland Heath,Bexley,23.33,18.73,61.85,0.93,37130,17.8,85.06,4.5,49.5106416,6.459243086
E05000081,St Mary's,Bexley,14.42,7.53,52.56,0.4,44010,27,71.86,3.9,75.5537265,4.613953488
E05000082,St Michael's,Bexley,23.15,13.2,48.69,0.76,38510,19.1,34.14,4.1,51.149236,5.982036943
E05000083,Sidcup,Bexley,18.64,11,51.09,0.7,41220,27.2,45.87,4.7,69.1589756,5.420726306
E05000084,Thamesmead East,Bexley,26.16,29.17,80.17,1.22,32100,28.2,73.17,4.7,40.5000853,14.86327797
E05000085,Alperton,Brent,18.18,17.33,89.7,1.01,31250,26.2,56.59,4.4,39.3803064,8.956014838
E05000086,Barnhill,Brent,26.75,27.6,88.61,0.96,34630,34.7,15.14,5.7,44.2105539,10.33196089
E05000087,Brondesbury Park,Brent,21.21,22.7,118.96,0.91,40020,45,3.76,5.9,36.4558405,7.775524003
E05000088,Dollis Hill,Brent,22.27,34.13,72.39,1.07,30990,25.1,0.29,5.4,32.9056438,11.42156863
E05000089,Dudden Hill,Brent,24.32,33.17,122.17,1.05,33470,31.7,32.76,5.2,40.2615455,10.63561989
E05000090,Fryent,Brent,17.85,19.57,84.38,0.67,35590,29,43.65,4.9,53.0000888,9.124194493
E05000091,Harlesden,Brent,27.96,40.17,156.73,1.31,27030,21.4,18.38,6.5,11.0174023,15.57659208
E05000092,Kensal Green,Brent,25.93,28.7,140.98,1.04,34640,33.8,8.63,5.8,18.3117752,10.43540842
E05000093,Kenton,Brent,19.49,12,76.11,0.52,42190,39.8,23.86,4.7,73.4632628,7.67299545
E05000094,Kilburn,Brent,28.01,34.6,137.7,1.05,34270,39.9,54.56,6.3,23.7067555,10.92901772
E05000095,Mapesbury,Brent,20.99,28.07,118.95,0.96,36830,43.7,30.95,4.9,36.3915814,8.697528866
E05000096,Northwick Park,Brent,20.98,15.03,62.97,0.64,41100,40.3,20.65,4,65.9489011,8.803841676
E05000097,Preston,Brent,23.28,24.17,86.34,1.19,35960,35.4,0,4.7,47.7248611,8.869631706
E05000098,Queens Park,Brent,19.87,18.07,118.16,0.95,42880,48.2,28.6,4.4,46.8349567,6.765783236
E05000099,Queensbury,Brent,20.72,21.27,95.65,0.66,35110,30.8,39.21,5.5,54.1865286,8.236658933
E05000100,Stonebridge,Brent,26.29,43.7,83.88,1.41,25800,20.5,44.02,6.9,14.2470566,17.24475524
E05000101,Sudbury,Brent,25.48,20.73,89.74,0.99,33530,32.3,21.42,5.3,54.1404485,9.245960503
E05000102,Tokyngton,Brent,25.37,22.83,84.83,1.09,33130,31.9,52.8,5.1,33.420523,9.807549963
E05000103,Welsh Harp,Brent,27.19,27.33,97.92,1.03,31620,24.7,24.07,5.6,38.3077435,10.88277858
E05000104,Wembley Central,Brent,21.07,21.67,139.84,1.02,31040,29,51.47,5.3,46.8361526,10.31956549
E05000105,Willesden Green,Brent,24.71,33.8,132.91,1.14,31390,33.3,40.5,4.9,23.5033424,10.41831097
E05000106,Bickley,Bromley,11.75,8.13,53.48,0.54,47190,40.7,36.17,4,82.0709713,4.414461619
E05000107,Biggin Hill,Bromley,15.97,12.43,67.35,0.65,40930,23,48.15,3.4,51.0773199,4.790847336
E05000108,Bromley Common and Keston,Bromley,16.56,17.9,59.03,0.76,40510,28.3,52.96,4.4,64.7398644,6.635257165
E05000109,Bromley Town,Bromley,13,12.57,87.78,0.69,43460,41,33.62,3.4,74.5313295,5.517313308
E05000110,Chelsfield and Pratts Bottom,Bromley,15.08,7.07,49.24,0.54,44850,33.2,67.54,3.1,74.7033137,4.289296555
E05000111,Chislehurst,Bromley,13.99,9.93,84.63,0.81,46250,38,35.93,4,64.6631396,4.493009366
E05000112,Clock House,Bromley,18.01,13.13,75.45,0.77,41650,38.3,28.91,3.8,57.6287429,6.225077537
E05000113,Copers Cope,Bromley,12.82,18.13,94.82,1.09,43170,45,29.79,3.5,48.8318703,5.00323485
E05000114,Cray Valley East,Bromley,23.44,34.07,103.75,1.47,32230,19.6,70.23,5.7,32.87658,8.654360621
E05000115,Cray Valley West,Bromley,19.55,32.83,96.38,1.34,31740,18.7,62.76,6.3,32.7914879,8.896252868
E05000116,Crystal Palace,Bromley,25.81,34.43,147.29,1.72,34060,38.1,20.89,5.3,27.790407,10.4299702
E05000117,Darwin,Bromley,16.42,10.67,62.35,1.05,42810,26.9,62.74,3.5,66.9183908,4.196078431
E05000118,Farnborough and Crofton,Bromley,13.72,9.43,42.34,0.61,44590,31,59.26,3.7,81.7232506,4.673030346
E05000119,Hayes and Coney Hall,Bromley,12.05,6.5,48.41,0.45,45660,31.8,44.74,3.1,73.4955873,4.787428432
E05000120,Kelsey and Eden Park,Bromley,16.81,9.23,83.03,0.39,44700,33.8,15.16,3.6,64.367218,4.79477382
E05000121,Mottingham and Chislehurst North,Bromley,22.85,33.23,137.72,1.95,32330,22.1,54.81,5.9,35.1984206,9.593794652
E05000122,Orpington,Bromley,19.25,23.67,81.63,0.82,38090,27.1,60.76,4.5,62.2839793,7.055007433
E05000123,Penge and Cator,Bromley,21.83,28.33,113.71,1.41,36090,36.5,29.41,4.8,36.2919256,9.795367196
E05000124,Petts Wood and Knoll,Bromley,11.11,5.6,51.52,0.47,48530,36,30.06,3.1,83.2584982,3.97885773
E05000125,Plaistow and Sundridge,Bromley,15.47,18.97,79.34,1.07,39460,34.1,49.48,4.8,56.1520474,6.842498134
E05000126,Shortlands,Bromley,12.45,5.67,44.4,0.28,48020,43.3,14.23,2.9,81.1264106,4.544552491
E05000127,West Wickham,Bromley,12.77,5.07,49.16,0.31,46210,32.5,23.65,3.1,71.9041513,4.116706635
E05000128,Belsize,Camden,20.5,23.03,85.72,0.89,52680,62.2,25.81,3.9,42.6592416,5.600649351
E05000129,Bloomsbury,Camden,22.22,24.87,72.21,0.94,40340,46.5,68.8,4.6,37.9734741,9.803554724
E05000130,Camden Town with Primrose Hill,Camden,16.19,31.87,238.58,0.88,45840,53.9,72.65,5.6,45.1381635,6.913272375
E05000131,Cantelowes,Camden,19.92,34.77,125.38,0.99,39060,48.1,84.48,6.4,30.6439033,8.858024691
E05000132,Fortune Green,Camden,20.36,24.6,99.05,1.04,46800,57.8,0.39,4.5,20.0148889,6.403194712
E05000133,Frognal and Fitzjohns,Camden,12.99,8.93,67.4,1.17,60310,61.4,44.22,2.6,36.6313187,5.01020889
E05000134,Gospel Oak,Camden,23.47,36,84.74,1.15,39990,45.6,87.1,8,28.2768311,9.144748302
E05000135,Hampstead Town,Camden,10.26,7,70.45,0.88,62840,68.3,53.68,3.4,36.2082836,3.984997656
E05000136,Haverstock,Camden,29.02,42.6,132.2,1.25,35730,43.1,72.21,7.4,10.7276203,10.47696039
E05000137,Highgate,Camden,15,24.83,100.26,1.03,47840,55.8,53.13,6,28.5585016,7.15010142
E05000138,Holborn and Covent Garden,Camden,19.31,35.63,59.35,0.97,40180,46.2,67.05,6.3,23.3335534,8.660638598
E05000139,Kentish Town,Camden,23.61,33.67,102.48,0.89,41230,54.6,64.71,5.5,39.7195009,6.602931804
E05000140,Kilburn,Camden,24.91,43.23,161.54,0.99,34730,43.8,56.37,7.7,23.1084589,9.763222632
E05000141,King's Cross,Camden,23.77,39.9,83.57,1.2,32890,39.7,95.89,5.2,14.4569372,13.45583877
E05000142,Regent's Park,Camden,27.55,36.33,59.71,1.09,34260,36.1,47.51,6.2,28.9501527,10.69391635
E05000143,St Pancras and Somers Town,Camden,23.26,46.03,62.56,0.91,30500,29.5,83.49,8.2,27.2410276,12.69001983
E05000144,Swiss Cottage,Camden,22.22,25.43,102.15,1.02,50340,60.4,21.39,3.8,28.0922469,5.561613959
E05000145,West Hampstead,Camden,19.12,30.9,116.91,1.09,46290,60.6,18.08,5.2,43.3718006,6.161437247
E05000146,Addiscombe,Croydon,19.09,23.73,90.67,1.21,38070,38,0,4.8,49.403591,8.072337846
E05000147,Ashburton,Croydon,25.55,23.77,82.52,1.16,38600,27.3,3.58,4.4,45.5120728,8.006258965
E05000148,Bensham Manor,Croydon,23.14,26.43,105.76,1.4,33530,29.4,2.81,4.7,40.8081758,11.00273582
E05000149,Broad Green,Croydon,27.36,30.6,158.46,1.6,31000,26.9,11.5,5.2,34.7257447,12.00985644
E05000150,Coulsdon East,Croydon,14.79,14.93,51.24,0.78,42660,30.3,33.19,4.3,60.3383586,6.419029
E05000151,Coulsdon West,Croydon,18.09,10.2,57.91,0.55,46610,34.9,2.29,3.8,80.1773437,5.666389582
E05000152,Croham,Croydon,19.86,17.27,89.11,1.13,42260,42.1,8.19,3.5,61.1591669,7.030577089
E05000153,Fairfield,Croydon,23.19,23.17,133.69,1.35,39130,45.9,21.41,4.1,50.5726596,8.075186391
E05000154,Fieldway,Croydon,26.68,40.83,90,2.34,26720,12.5,47.29,6.5,15.0526216,15.57187828
E05000155,Heathfield,Croydon,14.6,20.97,114.35,1.28,39770,29.3,18.72,4.1,46.9172754,6.394692264
E05000156,Kenley,Croydon,15.4,14.27,53.73,1.05,44160,36.1,35.58,3.7,53.8350002,6.603063018
E05000157,New Addington,Croydon,26.93,35.77,98.67,2.29,28770,12.8,17.07,6.2,30.065564,11.66263115
E05000158,Norbury,Croydon,26.43,21.6,91.79,1.2,36810,34.1,14.25,4.6,46.262127,9.111321201
E05000159,Purley,Croydon,18.25,14.67,89.18,0.91,44600,40.5,14.23,3.8,71.9462154,5.678884874
E05000160,Sanderstead,Croydon,15.92,8.47,48.84,0.55,47030,35,28.78,3.7,66.587223,5.617805065
E05000161,Selhurst,Croydon,24.67,33.17,136.23,1.67,31220,28.4,18.91,5.9,33.995058,12.29616571
E05000162,Selsdon and Ballards,Croydon,18.15,8.47,50.58,0.57,45320,32,6.89,3.4,64.3064696,4.466111024
E05000163,Shirley,Croydon,18.8,22.33,60.09,1.07,39500,27.1,3.46,4.3,44.6355376,7.605244997
E05000164,South Norwood,Croydon,23.45,29.87,121.86,1.4,34430,35,8.77,4.8,50.1591385,11.68586619
E05000165,Thornton Heath,Croydon,26.04,28.03,120.28,1.39,33720,28.3,21.15,4.7,41.1759207,12.68683065
E05000166,Upper Norwood,Croydon,24.84,24.13,106.44,1.28,37430,35.2,39.41,4.5,37.1022688,9.759481961
E05000167,Waddon,Croydon,20.65,28.93,83.96,1.51,34630,30.1,17.99,5.1,46.2561905,8.939173294
E05000168,West Thornton,Croydon,27.8,27.5,121.92,1.5,32400,27.3,30.79,5.1,40.8793912,11.39002933
E05000169,Woodside,Croydon,23.37,30.37,111.99,1.37,33890,29,33.65,4.6,48.2514741,11.78033658
E05000170,Acton Central,Ealing,19,29.17,143.31,0.94,36500,40.4,19.12,5.3,49.7893534,8.133174792
E05000171,Cleveland,Ealing,18.83,25.97,84.73,0.65,41730,46.2,45.05,4.8,58.0110323,7.941017316
E05000172,Dormers Wells,Ealing,24.39,28.3,101.84,0.67,29350,24.4,52.57,6.3,34.6396765,12.05968313
E05000173,Ealing Broadway,Ealing,14.79,14.13,126,0.73,45540,57.7,33.54,4,63.2151812,6.033360937
E05000174,Ealing Common,Ealing,19.7,21.73,117.86,0.89,43600,52.6,23.72,4.3,36.2847689,7.016090866
E05000175,East Acton,Ealing,23.67,36.57,92.39,1.08,32930,38.3,53.44,5.1,33.8420717,9.33025848
E05000176,Elthorne,Ealing,22.03,23.97,117.4,0.83,38970,40.6,79.81,4.7,44.7832892,7.865168539
E05000177,Greenford Broadway,Ealing,23.76,29.9,125.77,0.92,30500,25.8,56.75,5.5,30.9428054,10.60968661
E05000178,Greenford Green,Ealing,22.88,18,78.65,0.61,35420,30.2,32.56,4.5,51.3741998,7.829776292
E05000179,Hanger Hill,Ealing,17.28,15.37,74.9,0.7,44760,50.8,26.88,3.5,64.0314187,6.40569395
E05000180,Hobbayne,Ealing,20.91,22.63,88.03,0.71,36220,33.3,49.94,5.2,51.047455,7.981601732
E05000181,Lady Margaret,Ealing,21.19,19.53,90.37,0.73,32520,25.4,21.17,5,38.904276,9.834699264
E05000182,Northfield,Ealing,13.53,8.73,76.27,0.35,48480,54.8,37.34,3.3,71.300836,4.715447154
E05000183,North Greenford,Ealing,23.99,17.07,85.47,0.77,36480,30.1,67.22,4.1,52.2242126,7.693263734
E05000184,Northolt Mandeville,Ealing,23.84,31.27,110.1,0.89,31950,25.7,52.47,4.7,33.8344111,9.634595163
E05000185,Northolt West End,Ealing,20,33.47,134.39,0.97,28550,21.7,72.78,5.9,35.3113199,12.95540864
E05000186,Norwood Green,Ealing,22.51,30,92.55,1,29020,26.7,88.94,7.2,40.4106403,14.68499773
E05000187,Perivale,Ealing,23.8,16.83,92.02,0.8,36040,30.8,52.56,4.3,50.0792874,7.617678764
E05000188,South Acton,Ealing,27.3,33.37,109.68,0.79,34300,39.4,48.36,6.8,42.6319649,9.567546881
E05000189,Southall Broadway,Ealing,23.6,22.83,162.98,0.73,27930,21.9,40.65,7,36.4951614,12.81037482
E05000190,Southall Green,Ealing,24.4,29.43,116.62,1.01,27150,21.6,45.94,6,42.699629,13.66389632
E05000191,Southfield,Ealing,16.17,13.1,96.71,0.77,50170,57.8,2.43,3.7,46.0098083,4.884601294
E05000192,Walpole,Ealing,15.59,10.97,107.53,0.49,46240,53.7,57.08,3.6,76.3810531,5.631506334
E05000193,Bowes,Enfield,20.19,26.4,88.35,1.15,36300,36.3,70.08,5.4,39.4144542,8.902513795
E05000194,Bush Hill Park,Enfield,23.22,17.13,70.53,0.9,41800,32.6,58.14,4.6,61.6046488,6.694903675
E05000195,Chase,Enfield,22.95,29.8,66.97,1.18,36350,28.1,61.52,5.8,33.4164436,9.107753706
E05000196,Cockfosters,Enfield,20.24,17.5,59.36,0.81,43570,35,54.18,4.7,57.1974232,7.949479941
E05000197,Edmonton Green,Enfield,30.94,42.67,112.02,1.91,26010,19.5,83.65,6.8,27.2417253,16.99441935
E05000198,Enfield Highway,Enfield,24.96,40.67,78.76,1.58,29450,18.6,57.73,5.9,22.1131338,13.42189013
E05000199,Enfield Lock,Enfield,28.02,43.47,74.2,1.97,30240,23.5,56.8,5.5,24.9022065,13.56194405
E05000200,Grange,Enfield,13.24,11.7,77.07,0.59,45960,39.1,34.91,4.1,76.0327239,5.582996557
E05000201,Haselbury,Enfield,26.07,39.47,87.01,1.91,29600,21.4,75.65,6.3,31.1851193,13.25219743
E05000202,Highlands,Enfield,18.83,17.13,39.43,0.72,43540,35.1,48.17,4.6,62.768634,6.076210093
E05000203,Jubilee,Enfield,24.08,36.3,79.9,1.43,30800,20.9,33.65,6.5,33.4764184,11.4410612
E05000204,Lower Edmonton,Enfield,29.48,41.83,80.5,1.85,28110,20,28.13,6.4,22.7518985,13.804151
E05000205,Palmers Green,Enfield,23.66,22.03,97.62,1.16,37970,33.5,29.15,5.5,45.6894111,8.601485149
E05000206,Ponders End,Enfield,30.02,40.33,90.86,1.47,28560,21,41.08,5.9,30.2526058,13.98919534
E05000207,Southbury,Enfield,23.09,36.1,87.54,1.41,33260,25.4,59.84,5.1,25.2761983,11.02173299
E05000208,Southgate,Enfield,16.49,20.87,59.41,0.66,41520,41.2,16.04,4.7,69.2695783,7.904316173
E05000209,Southgate Green,Enfield,22.25,18.4,82.35,0.87,42750,40,66.54,4.7,61.9330746,7.16747071
E05000210,Town,Enfield,20.09,16.1,53.89,0.63,42300,33,39.66,4.1,48.5663426,6.369032896
E05000211,Turkey Street,Enfield,27.08,42.5,102.63,1.88,28960,17.9,69.19,6.2,18.0951402,13.40110906
E05000212,Upper Edmonton,Enfield,28.5,38.77,112.48,1.68,28480,21.5,78.36,6.4,27.1241102,13.97491682
E05000213,Winchmore Hill,Enfield,19.72,11.73,68.12,0.61,45880,42.9,48.18,4,74.3728801,5.962867597
E05000214,Abbey Wood,Greenwich,29.5,34.73,99.86,1.71,31540,24.2,99.18,6.3,20.6512083,13.00121507
E05000215,Blackheath Westcombe,Greenwich,23.3,13.6,102.8,1.33,49160,57.5,61.35,4.4,71.5123677,5.653950954
E05000216,Charlton,Greenwich,27.34,29.13,88.75,1.58,37940,37.2,74.4,6.1,34.8907392,10.28663274
E05000217,Coldharbour and New Eltham,Greenwich,22.66,20.37,77.73,1.16,38390,23.4,69.89,5.8,46.220427,7.542908762
E05000218,Eltham North,Greenwich,14.37,12.2,83.19,0.89,43120,31.8,69.13,4.9,72.3450663,6.234115712
E05000219,Eltham South,Greenwich,25.37,26.67,98.66,1.47,37120,25.1,92.68,4.9,50.3991419,9.37847719
E05000220,Eltham West,Greenwich,20.6,30.83,94.75,2.07,34250,21.2,97.91,7.3,20.372735,11.2749004
E05000221,Glyndon,Greenwich,24.28,33.7,85.17,1.74,31690,28.6,77.84,5.7,26.3528092,14.57759898
E05000222,Greenwich West,Greenwich,25.9,29.5,128.95,1.64,42270,49.9,93.77,3.9,38.1196871,9.212325166
E05000223,Kidbrooke with Hornfair,Greenwich,24.31,28.17,102.04,1.82,35740,30.8,58.1,6.3,28.0960598,9.319385953
E05000224,Middle Park and Sutcliffe,Greenwich,24.07,32.33,91.11,2.12,35340,29.6,95.74,6.4,29.5524504,10.21447308
E05000225,Peninsula,Greenwich,19.4,28.17,143.93,1.68,41840,49.5,79.47,4.7,34.8413093,7.209847597
E05000226,Plumstead,Greenwich,27.32,27.9,105.63,1.62,32390,25.2,70.8,5.2,30.1158137,13.93500117
E05000227,Shooters Hill,Greenwich,23.02,19.43,71.14,1.21,39030,31.3,73.43,4.8,55.9787808,9.520441364
E05000228,Thamesmead Moorings,Greenwich,28.42,31.3,89.57,1.47,34450,32.4,88.51,4.6,32.6811817,13.36171096
E05000229,Woolwich Common,Greenwich,23.53,35.13,89.29,1.61,30260,26.7,95.18,5.3,31.8059717,15.40721589
E05000230,Woolwich Riverside,Greenwich,26.59,36.87,108.83,2.03,33540,35.2,93.12,5.4,23.4049762,13.36032389
E05000231,Brownswood,Hackney,30.74,34.93,136.75,1.16,40070,51.7,99.57,5.7,30.209132,7.606812933
E05000232,Cazenove,Hackney,20.64,23.27,71.76,0.83,38130,35.6,98.93,4.8,26.0175093,10.3894105
E05000233,Chatham,Hackney,26,40.77,125,0.98,32510,37.6,88.92,6.5,24.8711651,14.79323575
E05000234,Clissold,Hackney,18.92,24.57,111.84,0.69,45450,53.5,89.1,5.8,45.562727,7.796101949
E05000235,Dalston,Hackney,25.13,38.5,206.18,1.2,38230,48.6,100,5.5,35.1646398,10.53443526
E05000236,De Beauvoir,Hackney,29.08,38.37,126.98,1.08,39060,49.8,90.16,5.5,35.8913039,9.357005758
E05000237,Hackney Central,Hackney,26.51,38.53,118.11,1.12,35260,42,98.51,6.9,45.524303,12.83289637
E05000238,Hackney Downs,Hackney,25.39,34.83,115.86,1.2,35700,42.2,99.79,6.8,31.8174625,12.66509106
E05000239,Haggerston,Hackney,28.85,42.9,124.31,1.04,36080,45.8,92.95,6,23.5497818,10.65830721
E05000240,Hoxton,Hackney,27.12,43.9,82.9,1.29,34970,41.7,99.22,6,28.2737951,12.33773828
E05000241,King's Park,Hackney,28.25,42.33,96.58,1.04,31970,30.6,90.8,7.9,28.0074507,16.09968354
E05000242,Leabridge,Hackney,23.49,34.97,111.15,1.09,35110,41.5,44.28,6.7,24.088039,12.94346979
E05000243,Lordship,Hackney,21.4,23.93,75.95,0.96,39940,40.4,72.61,5.6,34.1728515,8.913308913
E05000244,New River,Hackney,26.38,24.07,87.39,1.16,35590,26.6,82.69,6.2,38.2793315,12.9513633
E05000245,Queensbridge,Hackney,24.87,38.87,161.88,1.21,36720,44.6,95.31,7,25.8159363,10.92770313
E05000246,Springfield,Hackney,25.16,27.7,74.16,1.07,33570,21.9,73.82,6.4,43.5824118,15.10060153
E05000247,Stoke Newington Central,Hackney,22.3,26.07,149.79,0.92,42400,52.4,97.12,5.8,39.8955256,8.438546766
E05000248,Victoria,Hackney,25.39,36.77,150.48,1.14,37350,41.8,87.68,6.4,37.6329427,12.0888272
E05000249,Wick,Hackney,29.89,43.93,120.96,1.28,32890,34.4,95.5,7,19.4988634,14.71139111
E05000250,Addison,Hammersmith and Fulham,23.84,22.73,138.83,1.08,43970,57.4,45.78,4.2,50.0744118,6.26925653
E05000251,Askew,Hammersmith and Fulham,23.49,31.7,120.88,1.26,38450,45.1,10.61,5.4,49.0725398,8.964143426
E05000252,Avonmore and Brook Green,Hammersmith and Fulham,23.53,21.47,67.26,1.11,43350,54.5,31.18,4.5,53.4618833,7.317740391
E05000253,College Park and Old Oak,Hammersmith and Fulham,23,44.47,60.51,1.65,30890,31.9,26.22,6.2,33.4115592,11.66062673
E05000254,Fulham Broadway,Hammersmith and Fulham,20.81,29.1,143.94,1.2,42130,47.7,12.41,5.7,47.2454197,7.269450285
E05000255,Fulham Reach,Hammersmith and Fulham,24.47,27.07,78.23,1.15,42010,51.6,75.32,4.6,60.1360056,6.096318929
E05000256,Hammersmith Broadway,Hammersmith and Fulham,21.61,30.27,104.64,1.28,39500,45.3,30.85,6.2,38.0677268,8.472849032
E05000257,Munster,Hammersmith and Fulham,18.33,14.17,106.87,1.28,50240,56.9,40.16,3.6,54.7530377,5.049047894
E05000258,North End,Hammersmith and Fulham,26.46,35.67,107.11,1.49,39510,52.6,33.47,4.5,48.5591331,7.604766368
E05000259,Palace Riverside,Hammersmith and Fulham,10.53,8.23,94.4,0.74,53330,56.2,75.15,3.7,75.6128303,4.182133135
E05000260,Parsons Green and Walham,Hammersmith and Fulham,26.97,13.3,121.71,1.58,55720,56.4,4.81,3.4,44.9226881,5.638977636
E05000261,Ravenscourt Park,Hammersmith and Fulham,16.44,24.1,126.76,1.16,45510,55.1,7.48,4.9,54.7847836,6.808926535
E05000262,Sands End,Hammersmith and Fulham,26.53,31.77,73.25,1.49,44170,47.6,31.63,4.4,44.9016112,7.297447281
E05000263,Shepherd's Bush Green,Hammersmith and Fulham,20.99,32.33,173.59,1.07,36430,46.5,26.11,5.8,52.8310501,9.18662806
E05000264,Town,Hammersmith and Fulham,24.31,24.03,124.53,1.27,47940,57.9,10.98,3.7,49.137067,6.344283096
E05000265,Wormholt and White City,Hammersmith and Fulham,28.18,43.3,111.06,1.4,31860,32,10.73,6.5,45.3145294,12.15787086
E05000266,Alexandra,Haringey,10.32,10.23,111.29,0.84,51450,58.5,27.91,3.6,71.3008586,5.568685377
E05000267,Bounds Green,Haringey,22.6,31.4,111.89,1.52,34550,37.3,94.43,5.5,30.6641137,10.40537051
E05000268,Bruce Grove,Haringey,27.92,34.8,117.24,1.71,30340,27.6,62.77,6.4,18.1511223,12.67546908
E05000269,Crouch End,Haringey,9.76,9.1,112.74,0.75,52070,67,73.41,3,63.5032825,5.01409832
E05000270,Fortis Green,Haringey,10.87,12.5,84.86,0.89,49950,58.4,41.75,3.5,70.847307,5.829660173
E05000271,Harringay,Haringey,28.75,27.13,129.49,1.38,37150,46.6,79.1,5.3,35.9733825,8.390410959
E05000272,Highgate,Haringey,17.42,10.8,93.29,1.22,53710,65.7,90.99,3.4,40.7538333,4.62594372
E05000273,Hornsey,Haringey,17.7,28.8,91.21,1.15,40260,51.5,58.77,5.7,30.7576898,9.302325581
E05000274,Muswell Hill,Haringey,8.75,8.73,103.07,0.86,53910,62.8,77.32,3.3,71.0255209,5.111624326
E05000275,Noel Park,Haringey,29.81,40.5,204.63,1.9,30620,33.8,53.37,7.4,18.1998065,11.94780481
E05000276,Northumberland Park,Haringey,30.15,44.33,113.98,1.53,25090,20.2,93.13,7.2,16.7721328,19.40996292
E05000277,St Ann's,Haringey,21.9,33.33,98.95,1.56,32460,35.2,52.17,6.6,17.2273621,10.48863208
E05000278,Seven Sisters,Haringey,26.52,24.57,100.42,1.34,33500,29,83.58,5.6,32.0399998,11.12856769
E05000279,Stroud Green,Haringey,18.41,23.17,104.67,1.18,44780,60.5,66.89,4.6,46.1013568,6.581376945
E05000280,Tottenham Green,Haringey,28.07,38.23,140.14,1.54,28920,29.2,81.6,7.4,11.9087858,14.42713833
E05000281,Tottenham Hale,Haringey,28.99,41.27,122.35,1.62,27340,23.1,56.48,6.3,14.50762,14.80894016
E05000282,West Green,Haringey,26.14,36.7,103.39,1.46,31110,30.6,74.12,7,21.4597561,12.38479263
E05000283,White Hart Lane,Haringey,28.55,43.5,106.02,1.7,27010,20.7,82.14,7.8,23.6514082,15.24465642
E05000284,Woodside,Haringey,21.91,35.5,83.55,1.52,32010,32.9,56.68,6,32.8813051,10.24408752
E05000285,Belmont,Harrow,17.05,13.5,72.79,0.42,42380,36.4,67.83,3.7,57.2457572,6.405933918
E05000286,Canons,Harrow,18.29,19.97,55.39,0.77,39890,40.8,83.41,5.6,61.7641577,5.383255664
E05000287,Edgware,Harrow,21.73,20.77,81.32,0.69,33600,29.4,83.9,4.5,47.9051726,8.677821522
E05000288,Greenhill,Harrow,20,24.57,99.31,0.7,37550,46,77,4.2,50.0221312,8.013449145
E05000289,Harrow on the Hill,Harrow,19.76,18,64.99,0.59,39630,41.8,79.83,4.2,57.4528851,7.115689382
E05000290,Harrow Weald,Harrow,19.66,24.1,77.91,0.81,36940,32.3,75.4,5.5,46.9509342,8.132956153
E05000291,Hatch End,Harrow,20.34,15.17,61.11,0.56,42350,41.8,76.12,4.4,68.2792784,6.006674082
E05000292,Headstone North,Harrow,20.7,10.3,54.31,0.31,44470,43.6,87.16,4.1,75.9230038,5.615874204
E05000293,Headstone South,Harrow,20.07,19.03,59.01,0.43,39090,43,49.77,4,66.0950852,7.578281146
E05000294,Kenton East,Harrow,21.83,19.67,59.34,0.41,32880,27.6,44.49,5.3,56.8197315,8.554873892
E05000295,Kenton West,Harrow,19.92,13.77,65.98,0.4,38400,34.1,64.49,4.5,63.2012727,7.023907667
E05000296,Marlborough,Harrow,19.02,26.73,81.61,0.68,34450,35.5,49.44,4.7,47.0059064,10.39119804
E05000297,Pinner,Harrow,15.07,14.97,64.61,0.58,43950,44.3,76.52,4.3,59.3260321,5.935432124
E05000298,Pinner South,Harrow,17.6,8.23,50.96,0.29,49420,47.5,76.74,3,80.2524316,4.99718204
E05000299,Queensbury,Harrow,21.31,18.73,76.15,0.41,35030,30.5,55.93,4.8,62.4597512,8.368747957
E05000300,Rayners Lane,Harrow,16.05,13.07,57.8,0.39,40310,37.9,75.73,3.8,62.6949299,6.367303982
E05000301,Roxbourne,Harrow,22.32,28.4,70,0.65,32130,29.2,89.54,5.4,40.2669192,10.10166209
E05000302,Roxeth,Harrow,21.41,18.87,90.43,0.56,35110,28.9,78.58,4.2,47.5770277,9.072580645
E05000303,Stanmore Park,Harrow,14.35,19.9,71.63,0.69,39210,35.3,82.28,6.4,40.0678078,7.053787456
E05000304,Wealdstone,Harrow,19.84,28.5,88.19,0.77,32080,27.2,68.15,5.2,33.1725594,10.88896823
E05000305,West Harrow,Harrow,19.93,19.5,56.92,0.5,40210,40.7,79.17,4.4,52.1863967,7.351331631
E05000306,Brooklands,Havering,23.99,25.23,65.15,0.95,35250,21.3,66,5,34.2493184,8.841655138
E05000307,Cranham,Havering,16.95,10.3,45.37,0.43,42250,23.3,51.96,4.8,66.7564871,4.633140973
E05000308,Elm Park,Havering,21,23.07,75.83,1.04,34730,16.5,51.25,5.7,29.7347804,7.506281407
E05000309,Emerson Park,Havering,18.3,7.57,61.82,0.48,43790,24.3,40.29,4.3,60.6379371,4.441166831
E05000310,Gooshays,Havering,25.52,33.9,107.66,1.53,29400,13.2,96.27,7.1,9.9248756,12.95224313
E05000311,Hacton,Havering,15.11,11.33,44.56,0.52,39740,17.9,77.56,4.3,42.8795583,5.615885821
E05000312,Harold Wood,Havering,17.75,18.67,71.25,0.63,37010,20.6,84.89,5.6,47.979929,7.57986739
E05000313,Havering Park,Havering,19.57,26.97,66.86,1.15,33590,15.3,72.84,5.7,22.9627265,8.549426371
E05000314,Heaton,Havering,25.59,33.8,85.92,1.36,29560,13.7,69.88,7.3,14.1256603,11.35652174
E05000315,Hylands,Havering,14.75,11.77,79.87,0.55,39890,19.2,78.34,4.2,46.2422382,5.826749436
E05000316,Mawneys,Havering,19.9,19.13,76.3,0.94,35820,16.3,73.39,5.2,26.0132116,6.796563363
E05000317,Pettits,Havering,12.39,12.53,67.76,0.63,40010,19.9,55.53,4.4,41.9095651,5.377973034
E05000318,Rainham and Wennington,Havering,24.26,22.9,86.77,0.78,34470,14.9,59.92,5.2,32.8775003,8.044188579
E05000319,Romford Town,Havering,20.71,21.43,143.73,0.81,37160,26.3,51.79,4.9,42.0606028,7.645020677
E05000320,St Andrew's,Havering,17.56,14.33,83.53,0.46,38130,18.9,73.4,5.1,45.8528002,6.142611684
E05000321,South Hornchurch,Havering,23.76,25.1,86.24,0.85,33160,14,72.31,5.6,25.8278657,9.308194774
E05000322,Squirrel's Heath,Havering,19.48,12.73,62.83,0.58,41740,24.3,54.39,4,54.7468634,5.098684211
E05000323,Upminster,Havering,13.12,4.5,54.29,0.44,47580,27.9,48.43,4.1,61.5380669,4.121475054
E05000324,Barnhill,Hillingdon,27.2,27.67,131.94,1.05,31800,22.4,15.44,5,37.334313,10.99500227
E05000325,Botwell,Hillingdon,23.82,31.4,71.95,1.23,30700,21.4,27.01,5.7,33.7777726,11.75585055
E05000326,Brunel,Hillingdon,20.47,25.57,77.77,1.06,34630,23.6,55.4,4.5,36.8173337,12.18690494
E05000327,Cavendish,Hillingdon,17.05,10.83,58.94,0.42,43970,29.9,42.48,3.8,66.3294565,5.078500481
E05000328,Charville,Hillingdon,22.92,21.67,79.71,0.78,35410,21.1,4.15,4.2,45.1510733,7.848022423
E05000329,Eastcote and East Ruislip,Hillingdon,12.89,9.4,65.37,0.37,47380,38.1,33.94,3.2,66.4653859,4.029187817
E05000330,Harefield,Hillingdon,20.86,20,61.18,0.86,37990,25,30.9,5.6,35.6398807,5.811878664
E05000331,Heathrow Villages,Hillingdon,24.92,25.03,67.49,1.41,33170,24.2,6.56,4.2,36.5577598,8.178328905
E05000332,Hillingdon East,Hillingdon,19.63,21.07,89.2,0.76,37250,24.2,15.72,4.2,47.599791,7.608857185
E05000333,Ickenham,Hillingdon,15.79,5.6,51.94,0.39,48770,36,14.75,3.2,75.5752499,4.246084167
E05000334,Manor,Hillingdon,13.9,11.33,76.6,0.32,43460,29.6,16.01,3.5,54.0758593,4.314159292
E05000335,Northwood,Hillingdon,13.99,10.6,55.36,0.74,46550,46.4,0,4.7,71.8949499,4.661095636
E05000336,Northwood Hills,Hillingdon,17.71,15.3,62.5,0.72,43320,37.1,18.93,4.3,54.9324476,6.149776823
E05000337,Pinkwell,Hillingdon,23.1,27.67,101.27,1.34,31830,22.8,2.3,4.5,30.0386338,9.578597172
E05000338,South Ruislip,Hillingdon,18.18,12.03,72.37,0.7,40060,27.3,21.85,3.8,44.6459481,6.008277437
E05000339,Townfield,Hillingdon,23.61,30.87,124.66,1.28,30430,22.2,21.8,5.8,37.208164,11.93165363
E05000340,Uxbridge North,Hillingdon,17.95,15.1,92.17,0.78,41470,34.9,37.42,4.1,66.8131365,5.563325563
E05000341,Uxbridge South,Hillingdon,17.11,24.53,62.57,0.97,34270,29.9,52.33,4.1,46.046041,10.9984288
E05000342,West Drayton,Hillingdon,23.59,33.53,93.48,1.33,32680,24,24.42,5.2,16.6934879,9.019983575
E05000343,West Ruislip,Hillingdon,10.77,11.23,84.25,0.58,43470,33.9,45.58,4.1,58.3005992,4.620630861
E05000344,Yeading,Hillingdon,23.44,28.8,128.4,1.06,33240,26,30.56,4.6,36.7591364,10.68188469
E05000345,Yiewsley,Hillingdon,22.94,31.03,87.39,1.27,32340,23.1,52.74,5.2,26.4387473,9.156590976
E05000346,Bedfont,Hounslow,24.63,26.43,73.34,1.44,31870,20.2,73.91,5.1,34.9799178,7.737918767
E05000347,Brentford,Hounslow,23.51,30.2,71.76,0.98,35040,35.3,38.72,5,49.6650624,9.191639386
E05000348,Chiswick Homefields,Hounslow,20.34,13.07,102.6,0.57,51830,55.7,17.69,3.1,63.8439696,5.401745411
E05000349,Chiswick Riverside,Hounslow,16.75,13.57,99.2,0.74,49680,56,45.1,3.6,72.1157673,4.291461779
E05000350,Cranford,Hounslow,25.83,27.93,89.82,1.45,30860,26.2,3.83,5.6,49.8489434,10.08309364
E05000351,Feltham North,Hounslow,27.5,22.7,74.16,1.34,32850,21.1,51.28,5.9,41.8495972,7.277227723
E05000352,Feltham West,Hounslow,25.6,25.9,108.84,1.48,34010,25,70.98,3.7,29.8957011,7.885687181
E05000353,Hanworth,Hounslow,26.55,31.8,95.39,1.51,31150,19.2,20.03,5.5,27.1722373,9.955052439
E05000354,Hanworth Park,Hounslow,25.38,23.7,86.86,1.33,34340,22.2,38.39,4.8,37.3142048,6.849983729
E05000355,Heston Central,Hounslow,27.16,23.43,102.84,1.22,33580,32,0.28,5.6,56.9764711,9.391913403
E05000356,Heston East,Hounslow,23.45,25.17,86.26,1.09,34030,33.4,14.79,4.7,53.679346,8.779576588
E05000357,Heston West,Hounslow,26.72,31,107.33,1.41,29490,24.4,31.89,5.8,50.4004573,11.23880345
E05000358,Hounslow Central,Hounslow,20.37,19.7,167.97,1.23,35830,42.8,0,3.7,53.8638721,8.877374784
E05000359,Hounslow Heath,Hounslow,25.59,26.43,106.35,1.48,32530,34.6,0.85,4.8,46.9544366,9.227969847
E05000360,Hounslow South,Hounslow,19.82,9.7,73.52,0.97,39920,32.9,21.47,3.8,64.858342,6.393129771
E05000361,Hounslow West,Hounslow,23.66,19.73,124.87,1.11,31890,33.5,2.22,5.6,46.8094544,8.703096019
E05000362,Isleworth,Hounslow,20.6,31.73,88.86,1.31,34790,33.8,55.48,5.5,31.97885,8.050781855
E05000363,Osterley and Spring Grove,Hounslow,14.73,14.47,62.13,0.88,42140,45.9,10.75,3.6,69.9878213,6.25415835
E05000364,Syon,Hounslow,22.65,27.23,80.09,1.17,37040,38.9,54.6,4.6,38.6520775,6.721820062
E05000365,Turnham Green,Hounslow,13.55,15.7,68.14,0.74,47080,55.4,2.35,3.9,48.5131322,5.181647127
E05000366,Barnsbury,Islington,22.8,36.1,155.03,1.54,44970,51.5,99.79,6,27.5565516,8.207250928
E05000367,Bunhill,Islington,23.05,44.57,47.68,1.23,39200,45.2,97.43,5.3,28.7199402,11.26635336
E05000368,Caledonian,Islington,25.17,42.27,88.43,1.36,35840,39.1,98.24,7.3,25.1432436,9.929078014
E05000369,Canonbury,Islington,24.37,40.9,145.94,1.61,40590,47.3,99.13,6.8,17.1658836,8.693733451
E05000370,Clerkenwell,Islington,22.09,38.93,69.75,1.56,43350,47.9,99.25,6.1,24.6948015,8.859772266
E05000371,Finsbury Park,Islington,25.94,43.83,184.8,1.19,33620,41.8,96.69,7.8,43.6221875,10.92329364
E05000372,Highbury East,Islington,14.69,25.13,120.28,1.08,47810,58.8,85.7,5.1,38.9453044,6.924614506
E05000373,Highbury West,Islington,19.05,33.47,71.02,0.91,43800,56.3,67.7,4.9,40.261532,7.290032423
E05000374,Hillrise,Islington,19.09,37.83,101.91,1.3,39090,43.7,100,7.3,37.6774714,10.11556118
E05000375,Holloway,Islington,24.33,42.7,106.23,1.29,35430,43.3,96.92,6.6,27.876614,10.27314479
E05000376,Junction,Islington,15.68,32.43,102.33,1.38,39470,46.9,78.99,6.8,24.3172773,9.357744842
E05000377,Mildmay,Islington,21.74,38.93,136.66,1.24,39300,48.8,100,6.6,30.9018958,9.109532915
E05000378,St George's,Islington,27.27,32.67,120.22,1.45,40860,48.3,84.64,6.3,31.9318056,9.035804906
E05000379,St Mary's,Islington,21.18,35.03,193.7,1.57,46190,54.4,99.69,6.3,17.3614402,7.693379791
E05000380,St Peter's,Islington,21.92,38.87,135.77,1.59,43870,53,100,6.5,10.3315243,8.415487927
E05000381,Tollington,Islington,21.17,38.27,127.03,1.14,38090,45.2,98.88,7.2,40.8069275,9.920062901
E05000382,Abingdon,R B of Kensington and Chelsea,22.22,16.13,84.95,0.92,54690,59.2,16.1,3.5,85.732055,5.527449878
E05000383,Brompton,R B of Kensington and Chelsea,,11.27,103.33,0.98,64320,57.4,35.88,2.8,69.0623457,4.055972419
E05000384,Campden,R B of Kensington and Chelsea,,6.97,103.17,0.57,65500,62.4,18.48,2.6,70.1355003,4.191745486
E05000385,Colville,R B of Kensington and Chelsea,27.14,33.3,214.05,1.25,43560,48.6,76.57,6.5,69.8201594,9.52568392
E05000386,Courtfield,R B of Kensington and Chelsea,,3.83,115.13,0.44,61810,58.7,53.95,2.5,82.4303221,5.543237251
E05000387,Cremorne,R B of Kensington and Chelsea,24,32.5,100.01,1.04,43920,41.2,95.7,7.1,52.3795238,9.76940243
E05000388,Earl's Court,R B of Kensington and Chelsea,19.42,23.77,138.02,0.8,44100,53.3,35.24,5.2,70.9391728,7.738202857
E05000389,Golborne,R B of Kensington and Chelsea,23.79,43.63,137.98,1.13,30100,32.1,67.5,9.1,43.2813328,14.34608541
E05000390,Hans Town,R B of Kensington and Chelsea,12.28,20.5,78.55,1.06,58100,55.1,55.19,3.6,57.2809469,5.659995957
E05000391,Holland,R B of Kensington and Chelsea,16.19,18.83,95.87,1.41,54770,58.8,48.08,3.5,86.4543453,6.08424337
E05000392,Norland,R B of Kensington and Chelsea,30.08,24.23,93.38,0.89,53430,51.2,68.75,5.4,72.7415868,7.715981534
E05000393,Notting Barns,R B of Kensington and Chelsea,18.73,38.3,105.42,0.89,36690,37.2,80.88,7.9,54.3060607,12.38195173
E05000394,Pembridge,R B of Kensington and Chelsea,,13,191.33,0.79,55710,60.8,38.83,3.2,73.9452496,5.111206159
E05000395,Queen's Gate,R B of Kensington and Chelsea,,4.67,64.68,0.7,63630,61.7,32.93,1.8,26.9712821,5.100349843
E05000396,Redcliffe,R B of Kensington and Chelsea,,11.5,116.1,0.71,54550,60.5,75.07,2.7,79.7702729,4.512893983
E05000397,Royal Hospital,R B of Kensington and Chelsea,,8.27,103.27,0.76,60600,56.1,52.91,3.3,40.3265664,4.325
E05000398,St Charles,R B of Kensington and Chelsea,23.27,37.07,95.96,1.5,36100,35.5,71.47,7.7,50.7646234,11.1227702
E05000399,Stanley,R B of Kensington and Chelsea,18.97,13.73,65.02,0.77,54990,56.1,47.4,3.6,57.6183333,4.516129032
E05000400,Alexandra,R B of Kingston upon Thames,16.91,10.83,60.37,0.35,41390,32.7,43.37,3.3,71.6379371,5.444832546
E05000401,Berrylands,R B of Kingston upon Thames,8.29,11,45.81,0.5,42330,48.4,23.65,4.1,59.5679132,5.863254393
E05000402,Beverley,R B of Kingston upon Thames,15.77,15.93,69.96,0.69,40700,41.7,2.52,4.4,59.1669643,6.372919818
E05000403,Canbury,R B of Kingston upon Thames,10.92,9.8,59.16,0.54,45600,54.4,10.38,2.8,64.7680251,5.050649165
E05000404,Chessington North and Hook,R B of Kingston upon Thames,23.13,15.9,57.27,0.78,37230,22.8,24.24,4.5,36.256629,5.739093604
E05000405,Chessington South,R B of Kingston upon Thames,22.61,16.43,53.15,0.62,38310,25.3,68.51,3.6,43.7589976,5.13896172
E05000406,Coombe Hill,R B of Kingston upon Thames,17.89,16.17,45.89,0.82,45650,44.5,54.27,3.3,55.3795307,7.581155978
E05000407,Coombe Vale,R B of Kingston upon Thames,11.6,8.93,44.46,0.55,44320,47.4,28.7,3.2,85.30877,5.524642289
E05000408,Grove,R B of Kingston upon Thames,14.48,14.7,141.57,0.8,41410,47,81.04,3.4,47.1011278,8.133439237
E05000409,Norbiton,R B of Kingston upon Thames,21.83,25.83,77.03,1.18,34650,35.8,74.78,4.6,33.6431652,9.250313115
E05000410,Old Malden,R B of Kingston upon Thames,18.24,14.63,50.48,0.68,41760,34.4,54.54,3.3,61.8012301,5.122494432
E05000411,St James,R B of Kingston upon Thames,16.86,12.07,51.73,0.57,41850,38,6.38,4.1,74.0975645,5.09009009
E05000412,St Mark's,R B of Kingston upon Thames,8.7,9,71.55,0.34,44930,48.3,26.67,2.6,66.4008516,8.667687596
E05000413,Surbiton Hill,R B of Kingston upon Thames,11.05,12.57,46.22,0.45,43160,52.2,30.19,3.5,39.4480524,4.934049829
E05000414,Tolworth and Hook Rise,R B of Kingston upon Thames,17.32,15.57,59.72,0.59,37840,30,10.82,3.8,45.0717001,5.727923628
E05000415,Tudor,R B of Kingston upon Thames,12.15,7.43,53.41,0.5,48530,51.3,72.76,2.8,90.7560087,4.226190476
E05000416,Bishop's,Lambeth,21.94,29.87,64.22,1.26,40360,47.2,96.71,4.4,34.763193,8.668297798
E05000417,Brixton Hill,Lambeth,20.17,30.17,122.46,1.46,39050,49.6,83.21,4.5,29.6716088,8.163063863
E05000418,Clapham Common,Lambeth,21.71,18.93,139.66,1.27,49520,63.3,89.25,3.4,45.8983227,5.26193248
E05000419,Clapham Town,Lambeth,22.61,26.8,246.41,1.12,44960,59.7,66.85,4.2,41.8164977,6.249330046
E05000420,Coldharbour,Lambeth,21.42,43.53,200.87,1.43,32220,36.8,95.77,5.8,27.6113856,14.38112679
E05000421,Ferndale,Lambeth,32.21,31.33,236.21,1.32,39480,52.9,98.15,4.7,29.7131039,7.800660579
E05000422,Gipsy Hill,Lambeth,27.76,34.2,126.55,1.41,36650,39.3,97.78,5.4,35.3585832,10.99973622
E05000423,Herne Hill,Lambeth,18.66,23.4,89.06,1.3,41700,52,44.12,4.4,37.6334449,8.05864726
E05000424,Knight's Hill,Lambeth,20.15,30.17,118.5,1.29,36950,38.2,79.08,5.2,41.529567,11.55981827
E05000425,Larkhall,Lambeth,29.93,38.87,151.33,1.42,37260,48.5,98.56,4.5,31.6200176,9.03975648
E05000426,Oval,Lambeth,25.5,36.73,129.41,0.93,39200,51.6,95.85,4.5,33.8254317,7.253564786
E05000427,Prince's,Lambeth,26.88,34.7,101,1.04,37600,46.5,98.89,5.5,33.3871614,9.076831447
E05000428,St Leonard's,Lambeth,20.08,23.73,155.99,1.33,39880,46.3,52.37,4.1,49.2361738,7.94796108
E05000429,Stockwell,Lambeth,25.35,34.57,132.52,1.03,35050,41,93.56,4.7,39.3825503,10.56227599
E05000430,Streatham Hill,Lambeth,19.11,24.93,127.73,1.23,39250,46.4,85.42,4.7,50.9246298,8.361320208
E05000431,Streatham South,Lambeth,24.26,25.93,102.48,1.21,36710,34.8,29.21,4.7,39.1301064,9.781077967
E05000432,Streatham Wells,Lambeth,22.09,28.9,105.7,1.43,38270,42.6,64.74,4.1,46.0981208,8.692714784
E05000433,Thornton,Lambeth,26.04,28.3,100.06,1.21,41880,47.8,86.05,4.5,51.9876341,8.714479026
E05000434,Thurlow Park,Lambeth,19.7,23.1,123.79,1.57,41600,50.3,65.97,4.3,40.0507457,8.886644787
E05000435,Tulse Hill,Lambeth,27.73,37.23,133.22,1.49,35610,42.7,94.06,5.2,35.2936737,10.84126463
E05000436,Vassall,Lambeth,29.35,38,140.65,1.33,34830,41.3,95.09,5.9,30.8629118,11.99221601
E05000437,Bellingham,Lewisham,28.77,36.7,114.16,1.52,31340,23.5,65.94,6.9,9.0774093,12.28070175
E05000438,Blackheath,Lewisham,20.87,22.7,119.79,1.37,44870,53.2,57.02,4.7,36.987792,7.774929818
E05000439,Brockley,Lewisham,25.58,28.83,143.67,1.41,38100,47.3,49.14,4,20.7210699,9.535361075
E05000440,Catford South,Lewisham,22.73,23.23,76.95,1.09,39070,34.2,11.45,4.7,32.4740418,9.854822835
E05000441,Crofton Park,Lewisham,20.82,19.6,93.24,1.16,42560,45.1,71.3,4.6,26.6844203,8.086717137
E05000442,Downham,Lewisham,26.43,36.67,133.11,1.71,30880,20.2,93.51,6.8,15.5355134,13.08177947
E05000443,Evelyn,Lewisham,27.02,41.57,117.69,1.45,30560,33.5,71.49,5.2,10.0053306,13.49124614
E05000444,Forest Hill,Lewisham,20.7,23.9,117.45,1.08,40960,46.4,92.05,4.4,19.9932388,8.920965452
E05000445,Grove Park,Lewisham,24.19,28.9,99.53,1.66,36150,29.2,57.93,5.5,27.3110415,9.462112289
E05000446,Ladywell,Lewisham,25.7,24.83,113.6,1.22,40290,44.5,33.28,4.8,36.9915239,10.39621526
E05000447,Lee Green,Lewisham,16.82,19.47,108.96,0.97,42760,46.1,41.25,4.7,44.4305552,7.235357016
E05000448,Lewisham Central,Lewisham,25.98,34.17,161.64,1.36,35760,42,27.07,5.2,20.3013258,10.44539232
E05000449,New Cross,Lewisham,28.1,35.03,160.83,1.73,31520,34.7,22.71,5.2,20.4016473,13.53443369
E05000450,Perry Vale,Lewisham,23.44,28.7,111.24,1.42,39130,41.5,43.01,4.6,17.10409,8.765794224
E05000451,Rushey Green,Lewisham,20.7,30.13,128.63,1.36,34670,32.9,31.21,5.9,12.2618256,12.5015753
E05000452,Sydenham,Lewisham,26.21,30.47,113.4,1.53,37060,36.6,38.82,5.5,18.3529988,10.39319108
E05000453,Telegraph Hill,Lewisham,22.99,29.93,99.38,1.12,37230,43.7,37.81,4.8,16.8217779,10.02289759
E05000454,Whitefoot,Lewisham,25.3,33.07,125.59,1.67,32840,22.7,78.75,6.2,15.5977785,12.09101725
E05000455,Abbey,Merton,15.6,16.07,75.99,0.66,45370,55.4,75.56,3.4,59.7132128,4.537286613
E05000456,Cannon Hill,Merton,24.34,9.47,62.34,0.51,42320,35.2,32.96,3.8,66.0287514,4.968329375
E05000457,Colliers Wood,Merton,18.72,17.6,123.83,1.28,38780,43.1,56.64,4.2,38.8902754,5.793304221
E05000458,Cricket Green,Merton,23.8,29.9,84.1,1.27,29930,23.3,72.39,5.3,31.9185365,10.96614951
E05000459,Dundonald,Merton,10.49,6.23,84.55,0.29,49910,60.7,81.42,2.3,89.0492199,3.418945964
E05000460,Figge's Marsh,Merton,25.39,26.97,119.84,1.16,30860,25.3,74.28,5,42.1857203,10.86466817
E05000461,Graveney,Merton,25.66,15.83,91.11,0.77,35580,32.1,37.65,3.8,60.465236,8.216216216
E05000462,Hillside,Merton,,4.1,48.38,0.38,51480,64.6,59.5,2.5,46.0350932,3.711711712
E05000463,Lavender Fields,Merton,22.37,25.07,99.41,1.24,33360,32.6,52.12,4.4,35.9280254,8.44928751
E05000464,Longthornton,Merton,20.75,20,83.6,1.02,34350,27.5,48.38,4.6,46.0683425,9.74560419
E05000465,Lower Morden,Merton,17.96,10.6,48.41,0.79,38730,24.5,63.05,3.6,66.0066905,5.045151158
E05000466,Merton Park,Merton,12.55,9.27,73,0.35,46300,50.1,59.68,2.9,79.8898119,5.046948357
E05000467,Pollards Hill,Merton,23.96,28.83,101.15,1.14,31940,23.4,39.83,4.2,36.2150114,10.47000382
E05000468,Ravensbury,Merton,21.36,26.27,101.72,1.59,32330,25.1,83.03,5.4,35.3803714,9.080142124
E05000469,Raynes Park,Merton,14.56,9.1,60.66,0.39,49340,54.3,49.42,3.4,68.7710022,4.034476435
E05000470,St Helier,Merton,22.28,24.03,79.45,1.33,32530,23.4,74.35,5.4,41.5786956,8.325377124
E05000471,Trinity,Merton,19.2,11.03,121.77,0.68,47380,59.6,39.29,3.2,58.2034109,4.303636652
E05000472,Village,Merton,,2.43,62.3,0.51,62200,62.3,49.58,2.6,57.6722222,3.215590743
E05000473,West Barnes,Merton,20,10.47,63.59,0.54,44170,41.9,58.46,3.1,74.8624548,5.570927873
E05000474,Wimbledon Park,Merton,12.83,8.97,65.41,0.37,50730,59.6,47.45,2.7,77.9660018,3.638301111
E05000475,Beckton,Newham,23.98,29.63,101.76,1.84,34100,27.9,76.97,5.4,31.222482,14.11794741
E05000476,Boleyn,Newham,27.27,30.17,114.64,1.32,31630,28.8,0,5.8,39.7273245,14.53152305
E05000477,Canning Town North,Newham,29,37.7,100.49,1.73,28910,23.9,0.12,6.7,19.9349571,15.96250509
E05000478,Canning Town South,Newham,27.54,38.5,119.05,1.75,32870,33.3,55.89,5.8,13.1327558,11.96561065
E05000479,Custom House,Newham,24.74,32.67,159.97,1.73,31840,24.2,35.91,6.1,21.591199,12.66627254
E05000480,East Ham Central,Newham,26.53,25.5,160.96,1.45,32380,32.6,0,5.3,30.902774,13.56110381
E05000481,East Ham North,Newham,22.51,27.03,87.25,1.19,32340,31.1,5.96,6.2,45.7898834,14.765204
E05000482,East Ham South,Newham,26.18,32.33,97.27,1.67,31430,24.1,22.18,5.8,30.562433,14.58569807
E05000483,Forest Gate North,Newham,25.97,29.47,117.86,1.36,34270,33,58.67,5.7,23.0178761,12.32656805
E05000484,Forest Gate South,Newham,26.92,26.83,142.27,1.44,34550,32.7,43.16,5.5,30.3960004,12.97075645
E05000485,Green Street East,Newham,25,28.4,91.98,1.27,31570,30,13.23,5.1,30.6152174,15.39989407
E05000486,Green Street West,Newham,22.9,27.63,100.45,1.04,31080,29.8,0,5.9,22.5375739,16.06840023
E05000487,Little Ilford,Newham,27.23,33.07,100.78,0.99,29730,24.6,59.89,5.9,35.6143179,17.7608358
E05000488,Manor Park,Newham,24.69,30.57,100.45,1.32,31580,30.2,71.26,6.2,29.4987511,15.35754505
E05000489,Plaistow North,Newham,22.38,33.57,99.56,1.32,30740,26.8,0,6.2,29.735935,15.2969567
E05000490,Plaistow South,Newham,26.51,32.33,100.66,1.5,31750,26.2,0.09,5.1,29.5332378,13.7965016
E05000491,Royal Docks,Newham,33.02,32.83,91.29,1.63,38580,42.7,76.15,3.8,21.4927284,10.21421919
E05000492,Stratford and New Town,Newham,23.6,31.93,179.61,1.48,35840,40.6,58.51,4.7,24.5954687,11.10097601
E05000493,Wall End,Newham,26.38,27.97,91.8,1.44,32330,29.6,15,5.1,30.3918363,14.13266804
E05000494,West Ham,Newham,26.4,34.73,104.02,1.34,32310,29.8,42.66,5.6,24.4838602,12.66321754
E05000495,Aldborough,Redbridge,21.99,19.07,101.28,0.89,37310,32,1.92,5.1,51.9441905,9.18722989
E05000496,Barkingside,Redbridge,20.5,14.9,91.08,0.87,39620,35.2,4.25,4.9,76.0332958,8.698443268
E05000497,Bridge,Redbridge,16.26,19.07,91.64,0.86,39320,29.9,15.26,4.8,35.1124403,7.336827061
E05000498,Chadwell,Redbridge,24.86,24.93,83.13,0.79,36700,28.5,7.31,4,49.0583371,9.842024325
E05000499,Church End,Redbridge,17.73,10.33,108.28,0.54,45410,46.3,10.36,3.6,63.7035386,5.026223776
E05000500,Clayhall,Redbridge,22.6,11.63,71.02,0.81,41450,34,0.88,5,78.4604744,7.954193748
E05000501,Clementswood,Redbridge,21.86,34.43,146.9,1.31,30230,32.4,20.88,5.1,38.3499757,14.36968291
E05000502,Cranbrook,Redbridge,21.24,17.3,105.24,1.11,38290,37.2,3.08,5.1,59.272942,10.16173828
E05000503,Fairlop,Redbridge,26.65,19.17,89.65,0.93,37560,25.5,1.32,5.2,35.510103,7.303712721
E05000504,Fullwell,Redbridge,27.74,24.4,89.83,0.83,35690,26.5,1.04,5.4,49.3857447,9.05396619
E05000505,Goodmayes,Redbridge,24.45,28.3,104.56,1.22,33820,31.4,17.72,5.1,40.5625063,12.32461735
E05000506,Hainault,Redbridge,24.69,30.37,87.52,1.51,31520,20.4,4.98,7.5,20.4838443,10.32046015
E05000507,Loxford,Redbridge,25.58,38.9,114.11,1.59,28500,31.1,69.81,5.7,38.7526147,16.75683579
E05000508,Mayfield,Redbridge,24.72,23.27,90.05,1.25,35630,29.9,36.9,5,43.8001496,11.07644306
E05000509,Monkhams,Redbridge,14.52,5.73,65.65,0.48,48780,41.6,0,3.8,73.234804,4.155939684
E05000510,Newbury,Redbridge,22.24,23.7,81.73,0.86,35550,33.4,0.36,4.4,65.8864228,10.61622169
E05000511,Roding,Redbridge,21.58,19.9,90.03,0.99,41040,37,0,3.7,47.5070562,7.507598784
E05000512,Seven Kings,Redbridge,25.91,25.63,90.92,1.02,34480,31.7,2.68,5.1,36.2673871,12.66109616
E05000513,Snaresbrook,Redbridge,18.18,9.77,86.65,0.66,45160,50.1,8.64,4.8,53.8624603,4.883479293
E05000514,Valentines,Redbridge,23.73,24.07,134.86,1.02,34900,36.9,6.1,4.9,65.0310668,13.06540116
E05000515,Wanstead,Redbridge,19.62,10.4,134.98,0.73,46370,45.3,19.65,4,60.5106494,5.628819556
E05000516,Barnes,Richmond upon Thames,19.83,8.47,78.76,1.22,55450,57.5,55.23,3.2,37.9452228,4.936661699
E05000517,East Sheen,Richmond upon Thames,8.33,4.13,68.85,0.68,56090,61.6,25.22,2.1,75.5506106,3.329111634
E05000518,Fulwell and Hampton Hill,Richmond upon Thames,6.32,7.47,49.54,0.58,48810,52.8,59.54,3.2,75.1870948,3.787480274
E05000519,"Ham, Petersham and Richmond Riverside",Richmond upon Thames,13.68,16.77,75.22,1.04,44870,46,73.44,4.4,37.2659296,6.512488437
E05000520,Hampton,Richmond upon Thames,16.4,9.3,57.78,0.6,46750,47.2,39.81,4,62.7443705,4.068799704
E05000521,Hampton North,Richmond upon Thames,18.46,20.23,81.17,0.94,39440,36.3,54.72,4.8,41.8369922,5.755978922
E05000522,Hampton Wick,Richmond upon Thames,8.3,9.77,67.12,0.83,46760,53.6,82.1,3.2,72.7111556,5.496750232
E05000523,Heathfield,Richmond upon Thames,18.77,21.97,80.51,1.43,36950,29.8,68.33,4.7,43.6402098,7.476812417
E05000524,Kew,Richmond upon Thames,12.16,8.43,67.49,0.78,52130,62,55.18,2.5,73.0019129,4.69608921
E05000525,Mortlake and Barnes Common,Richmond upon Thames,9.09,11.27,82.19,0.91,50100,57.6,93.47,3.3,54.5294013,4.692684468
E05000526,North Richmond,Richmond upon Thames,13.18,9.8,84.73,0.8,50860,59,44.57,3.3,51.9237103,4.884733194
E05000527,St Margarets and North Twickenham,Richmond upon Thames,9.72,5.6,64.11,0.78,52870,62.6,64.96,2.1,68.5639639,3.506907545
E05000528,South Richmond,Richmond upon Thames,9.52,6.03,90.21,0.77,52690,63.6,40.78,2.6,42.9036383,4.163976759
E05000529,South Twickenham,Richmond upon Thames,9.38,3.9,49.13,0.47,51380,55.3,64.81,2.2,90.1353522,4.445579969
E05000530,Teddington,Richmond upon Thames,6.22,5.83,48.86,0.52,50600,58.5,48.92,2.9,92.2663244,3.987884907
E05000531,Twickenham Riverside,Richmond upon Thames,7.36,5.27,69.71,0.83,51350,63.8,44.21,2.5,93.618646,3.92341494
E05000532,West Twickenham,Richmond upon Thames,12.46,9.17,73.12,0.83,45040,45.1,91.78,3.5,47.4521228,4.300535475
E05000533,Whitton,Richmond upon Thames,12.41,12.33,73.72,0.87,42230,36.9,57.69,4.1,61.8670018,5.368742835
E05000534,Brunswick Park,Southwark,25.41,30.1,108.59,1.15,36310,41.5,73.93,4.8,45.2534072,11.67971915
E05000535,Camberwell Green,Southwark,25.59,32.67,140.9,1.26,31840,34.3,45.88,5.7,38.7214012,12.8984249
E05000536,Cathedrals,Southwark,28.14,32.9,55.66,1.46,40430,45.8,83.51,4.9,36.6855908,11.10733311
E05000537,Chaucer,Southwark,26.8,33.73,89.95,1.21,37780,48.8,64.58,3.9,49.3033606,8.592874748
E05000538,College,Southwark,22.57,25.67,116.79,1.35,42600,48.7,86.07,4.4,39.9513466,8.30476784
E05000539,East Dulwich,Southwark,18.66,13.03,97.62,1.08,48670,56.5,42.47,4.3,55.0246246,5.894519131
E05000540,East Walworth,Southwark,32.1,34.97,224.12,1.37,31010,32.4,88.49,6.1,23.3617372,11.93907632
E05000541,Faraday,Southwark,30.1,34.37,141.95,1.22,30760,28.6,73.86,5.2,31.8584101,14.38304315
E05000542,Grange,Southwark,25.28,36.63,95.29,1.29,38500,46.3,55.11,4.7,26.0103484,8.524801374
E05000543,Livesey,Southwark,28.77,41.23,155.83,1.67,28880,27.9,40.3,5.8,24.7548342,15.66560785
E05000544,Newington,Southwark,28.65,34.3,139.07,1.29,34190,37.5,66.5,5.9,40.0662019,11.68814917
E05000545,Nunhead,Southwark,25.91,32.77,139.97,1.37,33540,34.8,42.49,7.1,35.575389,13.08652021
E05000546,Peckham,Southwark,30.42,35,150.34,1.2,30030,30.6,93.82,5.3,31.7328676,14.98318763
E05000547,Peckham Rye,Southwark,19.88,21.87,105.02,1.07,42820,49.7,46.47,4.3,43.5207435,7.543859649
E05000548,Riverside,Southwark,28.22,33.3,54.87,1.52,43110,54.9,67.7,4.3,31.2881837,7.302252488
E05000549,Rotherhithe,Southwark,31.47,36.5,141.55,1.34,36970,43,66.28,4.8,32.7992998,9.204758923
E05000550,South Bermondsey,Southwark,30.08,35.1,128.65,1.32,31150,30.9,0.88,5.2,29.6030754,11.84353005
E05000551,South Camberwell,Southwark,29.33,25.57,101.86,1.25,41130,49,59.66,3.9,50.2564503,8.318388743
E05000552,Surrey Docks,Southwark,25.79,23.57,123.31,1.32,45410,56,92.58,3.8,24.1369873,6.133304386
E05000553,The Lane,Southwark,27.89,29.5,183.35,1.3,37940,42,48.63,5.6,29.2550147,10.16949153
E05000554,Village,Southwark,10.34,7.8,100.66,0.48,58400,63.7,39.92,2.9,67.5917322,4.524619252
E05000555,Beddington North,Sutton,20.65,11.8,57.68,0.88,39290,25.1,57.34,4.1,63.7998356,5.868995633
E05000556,Beddington South,Sutton,24.08,29.83,77.99,1.41,35600,26.7,41.58,5.2,44.8341651,8.228678538
E05000557,Belmont,Sutton,19.68,12.2,36.22,0.76,44260,40.4,36.25,3.3,77.8845528,4.645654946
E05000558,Carshalton Central,Sutton,14.14,11.93,77.98,0.67,42200,35.7,38.43,3.1,72.8254487,5.408216329
E05000559,Carshalton South and Clockhouse,Sutton,12.98,12.07,58.69,0.73,44270,34.8,5.21,3.4,70.430036,4.782187803
E05000560,Cheam,Sutton,13.14,6.7,50.74,0.52,46220,38.6,40.27,3.7,86.3845348,4.140986133
E05000561,Nonsuch,Sutton,11.59,7.17,62.32,0.52,42640,27.1,11.4,3.4,78.2433758,4.63010422
E05000562,St Helier,Sutton,24.68,28.07,73.09,1.54,31040,17.7,47.44,5.2,27.7853837,9.32022932
E05000563,Stonecot,Sutton,18.58,9.33,69.63,0.54,39210,22.5,42.02,3.4,69.7174177,4.5221843
E05000564,Sutton Central,Sutton,18.6,21.43,117.67,1.24,35660,31.2,38.54,5.4,41.5569883,7.533281128
E05000565,Sutton North,Sutton,20,15.7,73.74,0.83,38060,25.7,25.78,4.6,55.865992,6.199411332
E05000566,Sutton South,Sutton,21.02,14.67,49.82,1.08,40460,41.6,20.09,4.8,74.3873888,5.19005848
E05000567,Sutton West,Sutton,20.08,10.17,56.58,0.68,41610,38.6,25.88,3.5,74.8112163,5.086122847
E05000568,The Wrythe,Sutton,21.48,17.23,87.06,0.95,36790,23.2,42.06,4,42.6978789,6.716032375
E05000569,Wallington North,Sutton,19,14.4,73.93,0.79,38710,30.3,55.4,3.8,62.2545787,5.898969757
E05000570,Wallington South,Sutton,21.03,18.57,77.94,0.88,37960,32,0.95,4.7,72.33178,6.779974136
E05000571,Wandle Valley,Sutton,20.16,27.67,89.99,1.48,32330,21.5,58.15,4.9,31.8493428,8.858330668
E05000572,Worcester Park,Sutton,18.26,13.53,53.25,0.82,40610,30.8,21.48,3,73.6243683,5.287216212
E05000573,Bethnal Green North,Tower Hamlets,26.89,44.83,126.03,1.14,36230,40.2,58.4,6.9,34.7073285,11.69575063
E05000574,Bethnal Green South,Tower Hamlets,23.33,43.33,159.03,1.19,32860,35.5,84.02,7.3,34.4923911,14.87968105
E05000575,Blackwall and Cubitt Town,Tower Hamlets,25.66,39.8,57.95,1.34,43330,50.8,85.9,4.3,27.9010508,9.020204582
E05000576,Bow East,Tower Hamlets,27.52,47.53,119.66,1.55,36800,42,74.29,6.3,18.3001638,10.14425314
E05000577,Bow West,Tower Hamlets,19.76,33.77,177.63,1.32,41000,43.6,61.02,5.8,35.8048106,10.32830774
E05000578,Bromley-by-Bow,Tower Hamlets,25.24,45.27,90.13,1.16,31980,27.9,99.91,6.8,40.8323057,17.12934716
E05000579,East India and Lansbury,Tower Hamlets,25.94,48.23,108.62,1.13,29680,23.4,92.99,7.7,25.9091588,18.63714869
E05000580,Limehouse,Tower Hamlets,25.45,42.67,97.18,1.16,36260,37.4,99.17,6.2,24.0509408,12.27110583
E05000581,Mile End and Globe Town,Tower Hamlets,23.73,44.37,84.67,1.08,34300,34.2,69.35,5.9,35.5481108,13.93041587
E05000582,Mile End East,Tower Hamlets,31.05,45,122.56,1.42,32510,31.9,98.58,6.5,31.7441623,16.29734402
E05000583,Millwall,Tower Hamlets,24.87,38.33,15.95,1.44,46940,57.2,87.63,3.3,39.0024111,8.120310736
E05000584,St Dunstan's and Stepney Green,Tower Hamlets,26.85,42.03,94.61,1.18,32930,29.9,96.62,7.9,46.8726478,15.51606288
E05000585,St Katharine's and Wapping,Tower Hamlets,16.39,30.37,58.39,1.09,50770,57.8,91.67,4.4,49.0682477,6.238621192
E05000586,Shadwell,Tower Hamlets,27.64,44.5,93.56,0.99,36360,37.7,86.4,6.5,42.3581509,12.82356049
E05000587,Spitalfields and Banglatown,Tower Hamlets,23.65,36.03,97.06,1.32,39910,44.4,80.08,6.5,43.8081842,13.57857264
E05000588,Weavers,Tower Hamlets,26.07,44.83,212.03,0.96,37760,43.9,89.16,6.7,35.7811446,11.00276716
E05000589,Whitechapel,Tower Hamlets,28.65,38.83,78.91,1.03,37600,45,75.94,6,40.6899599,10.43786982
E05000590,Cann Hall,Waltham Forest,21.95,31.2,101.38,1.87,32700,30.5,14.94,5.1,16.6992476,12.64620889
E05000591,Cathall,Waltham Forest,23.59,34.7,104.28,1.99,30950,28.6,49.41,5.3,20.935625,13.85004463
E05000592,Chapel End,Waltham Forest,23.58,25.53,97.05,1.17,36440,29.3,20.55,4.1,29.1165378,9.103279358
E05000593,Chingford Green,Waltham Forest,17.2,20.57,93.22,0.96,39280,27.1,51.76,5.5,51.9270443,6.576097657
E05000594,Endlebury,Waltham Forest,18.56,22.77,81.84,1.11,38580,24.7,61.34,5.1,44.5608939,8.029861617
E05000595,Forest,Waltham Forest,22.81,20.07,108.01,1.13,36080,33.3,16.61,5.3,34.1824223,10.33599518
E05000596,Grove Green,Waltham Forest,23.78,21.03,97.56,1.33,36350,34.8,4.63,4.3,24.620073,9.812206573
E05000597,Hale End and Highams Park,Waltham Forest,18.43,23.73,84.83,0.91,39490,28.9,42.97,4.4,45.7187463,7.968934661
E05000598,Hatch Lane,Waltham Forest,17.65,26.67,94.54,1.32,36110,24.1,57.81,6.4,37.7112482,8.070048745
E05000599,High Street,Waltham Forest,23.87,26.63,230.12,1.19,34810,35.7,2.09,4.7,34.8885641,9.204073934
E05000600,Higham Hill,Waltham Forest,27.47,36.3,84.69,1.19,31270,24.7,19.6,6,24.7472918,12.60997067
E05000601,Hoe Street,Waltham Forest,24.67,27.57,135.65,1.35,34890,36.4,22.29,5.6,26.764261,12.0515921
E05000602,Larkswood,Waltham Forest,22.84,26.57,108.08,1.23,35170,21.6,30.49,5.9,36.841719,8.717679944
E05000603,Lea Bridge,Waltham Forest,21.78,28.53,119.77,1.59,31450,26.6,41.97,5.9,24.5086382,12.46934297
E05000604,Leyton,Waltham Forest,19.54,35.53,123.88,1.74,31040,28.5,76.39,5.8,11.1456061,13.80789022
E05000605,Leytonstone,Waltham Forest,17.36,21.2,129.58,1.18,38700,40.8,17.03,4.1,40.1626178,9.668651307
E05000606,Markhouse,Waltham Forest,25.06,29.53,116.2,1.35,33780,30.9,49.18,5.3,28.8065812,10.22743947
E05000607,Valley,Waltham Forest,20.51,28.73,182.43,1.21,34250,20.2,20.2,5.6,29.647926,8.973463687
E05000608,William Morris,Waltham Forest,25.06,31.9,97.78,1.11,35070,33.6,34.9,5,31.7989483,9.780918728
E05000609,Wood Street,Waltham Forest,21.85,29.17,106.17,1.15,35130,33,4.48,5.3,32.2015914,10.76312307
E05000610,Balham,Wandsworth,12.3,8.6,139.23,0.71,53420,67.6,53.85,2.7,60.2907227,3.903964491
E05000611,Bedford,Wandsworth,17.96,17.13,126.63,0.81,46410,61.1,48.96,3.7,41.1814001,5.301701908
E05000612,Earlsfield,Wandsworth,21.85,22.5,87.54,0.88,44360,53.8,85.31,3.5,52.4260406,4.947378774
E05000613,East Putney,Wandsworth,11.76,14.13,72.23,0.97,49010,62.9,60,3.3,41.0001204,4.048460374
E05000614,Fairfield,Wandsworth,21.25,16.57,109.82,1.05,48590,62.8,81.36,2.9,51.6614538,3.917050691
E05000615,Furzedown,Wandsworth,19.96,25,82.8,0.77,38240,41,40.98,4.3,53.5859147,9.38433951
E05000616,Graveney,Wandsworth,21.16,26.6,136.64,0.95,37960,44.9,78.4,4.5,42.5503609,7.464535015
E05000617,Latchmere,Wandsworth,27.13,39.17,132.75,1.08,34990,40.7,29.81,5.4,41.6754009,9.386322464
E05000618,Nightingale,Wandsworth,18.5,10.6,104.96,0.72,50790,63,68.41,3.5,45.2594055,4.256224729
E05000619,Northcote,Wandsworth,10.4,5.53,150.97,0.67,55810,68.7,43.58,2.4,47.2392972,3.114503817
E05000620,Queenstown,Wandsworth,25.64,34.97,78.51,1.27,39580,50,40.78,3.9,31.6378512,7.416493678
E05000621,Roehampton,Wandsworth,22.22,37.13,88.97,1.55,30320,27.3,79,5.6,34.9777353,13.46747315
E05000622,St Mary's Park,Wandsworth,23.77,25.43,89.9,0.99,44720,52.1,65.58,3.6,42.2836794,5.867322797
E05000623,Shaftesbury,Wandsworth,26.57,16.1,127.64,0.78,50410,61.7,20.66,3.5,55.1285615,4.443772672
E05000624,Southfields,Wandsworth,17.3,14.7,99.04,0.63,48160,57.6,72.76,2.8,69.0048183,4.325108853
E05000625,Thamesfield,Wandsworth,11.7,6.9,117.15,0.61,55380,68.6,64.53,2.3,65.3101525,3.227423073
E05000626,Tooting,Wandsworth,21.04,32.13,74.94,0.93,36000,42.5,84.2,4.6,37.5794672,8.688854143
E05000627,Wandsworth Common,Wandsworth,16.67,7.4,85.74,0.59,51420,53.9,79.06,3.5,52.1507865,5.160684964
E05000628,West Hill,Wandsworth,18.36,26.9,60.89,0.99,40360,45.1,87.27,4.2,45.2072534,6.480888319
E05000629,West Putney,Wandsworth,21.8,22.1,80.73,1.46,43280,48.7,77.03,4.9,33.4092496,5.955489245
E05000630,Abbey Road,Westminster,23.96,17.8,66.41,1.08,52200,56.6,16.64,4.5,42.5314928,4.917463076
E05000631,Bayswater,Westminster,20.22,19.97,142.99,1.08,49960,61.3,6.44,4.8,39.4678018,5.928308824
E05000632,Bryanston and Dorset Square,Westminster,35.71,23.07,99.51,1.14,51370,58,30.19,4.1,50.801741,5.876407739
E05000633,Churchill,Westminster,26.92,45.97,133.75,0.95,39530,38.4,63.24,7.5,44.8933277,9.577404969
E05000634,Church Street,Westminster,26.78,51.67,91.47,1.4,26290,26.4,51.69,10.9,43.7975093,16.86486486
E05000635,Harrow Road,Westminster,27.27,44.3,111.87,1.18,35000,39.5,31.16,7.6,43.117625,11.7508997
E05000636,Hyde Park,Westminster,15.84,28.2,64.94,1.43,46880,54.7,36.3,5.2,46.3215789,7.642658061
E05000637,Knightsbridge and Belgravia,Westminster,,2.63,69.05,0.42,88330,47.8,36.33,1.8,66.6708333,3.82959438
E05000638,Lancaster Gate,Westminster,22.13,23.1,183.12,1.59,49290,60.8,1.86,4,57.4991634,6.822044185
E05000639,Little Venice,Westminster,22.02,29.47,110.49,1.08,48770,56.5,70.41,5.8,46.4232633,6.212967665
E05000640,Maida Vale,Westminster,23.72,35.9,118.77,1.34,45660,52.2,23.58,5.9,24.4899501,6.846473029
E05000641,Marylebone High Street,Westminster,,15.63,75.62,0.99,58370,61.5,4.46,2.9,74.3819712,4.685325499
E05000642,Queen's Park,Westminster,26.76,45.33,97.59,1.23,32260,30.3,41.5,9,36.5969351,13.31114809
E05000643,Regent's Park,Westminster,21.66,27.47,72.59,1.03,46510,52.2,64.37,6,40.7433346,6.582584658
E05000644,St James's,Westminster,24.18,18.37,76.23,0.95,52520,49.9,66.49,4.9,26.6605595,6.997261941
E05000645,Tachbrook,Westminster,25.74,23.8,84.03,0.82,47340,55.1,90.84,5.7,57.6807942,5.792197452
E05000646,Vincent Square,Westminster,22.22,29.5,38.02,0.74,46550,53.1,92.56,5.6,46.2606686,7.682862656
E05000647,Warwick,Westminster,21.24,27.27,64.78,0.86,50250,58.5,3.78,5.2,47.9218439,6.15255658
E05000648,Westbourne,Westminster,26.55,50.33,104.08,1.18,32390,35.7,72.76,8.7,49.3090886,11.93333333
E05000649,West End,Westminster,21.21,16.5,117.2,0.8,54970,54.6,39.68,4.5,39.4875972,6.018246027
